{
  "timestamp": "20250313_234150",
  "num_modes": 3,
  "eigenvalues": [
    -3.1354478458440983e-12,
    4.0173254009019015e-12,
    7.061788187971208e-12
  ],
  "frequencies": [
    2.8181877465391755e-07,
    3.189984971343164e-07,
    4.2293874788103847e-07
  ]
}