{
  "timestamp": "20250313_234045",
  "num_modes": 20,
  "eigenvalues": [
    -15411.062420868306,
    -9923.040440604997,
    -9902.944617970583,
    -8472.159344338032,
    -7671.420363112563,
    -4960.591524929874,
    -4954.2251875528,
    -3717.6309382416734,
    -1959.7242953256095,
    -1796.5276113921932,
    -1788.6235500237458,
    -930.4777819029349,
    -333.80037736695397,
    -332.026589491533,
    -0.19157084375921807,
    -0.0005670953516771877,
    -3.135447847538164e-12,
    4.0173254009019015e-12,
    7.0617881862771424e-12,
    0.18534878906966692
  ],
  "frequencies": [
    19.757701572224487,
    15.854133552270234,
    15.838071775292738,
    14.649310672987498,
    13.939847483101255,
    11.209516100974701,
    11.20232074207765,
    9.704055428118972,
    7.045594105805363,
    6.745856210155958,
    6.731000207602249,
    4.854820033103761,
    2.9077933787959727,
    2.9000571997811835,
    0.06966021935266449,
    0.0037900782402874107,
    2.818187747300502e-07,
    3.189984971343164e-07,
    4.229387478303087e-07,
    0.06851962984286446
  ]
}